{
  "last_node_id": 9,
  "last_link_id": 10,
  "nodes": [
    {
      "id": 5,
      "type": "CLIPTextEncode",
      "pos": [
        -40,
        30
      ],
      "size": [
        400,
        76
      ],
      "flags": {},
      "order": 5,
      "mode": 0,
      "inputs": [
        {
          "name": "clip",
          "type": "CLIP",
          "link": 4
        }
      ],
      "outputs": [
        {
          "name": "CONDITIONING",
          "type": "CONDITIONING",
          "links": [
            5
          ],
          "slot_index": 0
        }
      ],
      "properties": {
        "Node name for S&R": "CLIPTextEncode"
      },
      "widgets_values": [
        ""
      ]
    },
    {
      "id": 3,
      "type": "MarkdownNote",
      "pos": [
        -420,
        130
      ],
      "size": [
        320,
        100
      ],
      "flags": {},
      "order": 0,
      "mode": 0,
      "inputs": [],
      "outputs": [],
      "title": "Value of shifted_timestep",
      "properties": {},
      "widgets_values": [
        "`nitrosd-realism_comfyui.safetensors` use `shifted_timestep` 250.\n\n`nitrosd-vibrant_comfyui.safetensors` use `shifted_timestep` 500."
      ],
      "color": "#432",
      "bgcolor": "#653"
    },
    {
      "id": 6,
      "type": "EmptyLatentImage",
      "pos": [
        40,
        170
      ],
      "size": [
        320,
        110
      ],
      "flags": {},
      "order": 1,
      "mode": 0,
      "inputs": [],
      "outputs": [
        {
          "name": "LATENT",
          "type": "LATENT",
          "links": [
            7
          ],
          "slot_index": 0
        }
      ],
      "properties": {
        "Node name for S&R": "EmptyLatentImage"
      },
      "widgets_values": [
        1024,
        1024,
        1
      ]
    },
    {
      "id": 8,
      "type": "VAEDecode",
      "pos": [
        820,
        -170
      ],
      "size": [
        210,
        46
      ],
      "flags": {},
      "order": 7,
      "mode": 0,
      "inputs": [
        {
          "name": "samples",
          "type": "LATENT",
          "link": 8
        },
        {
          "name": "vae",
          "type": "VAE",
          "link": 9
        }
      ],
      "outputs": [
        {
          "name": "IMAGE",
          "type": "IMAGE",
          "links": [
            10
          ],
          "slot_index": 0
        }
      ],
      "properties": {
        "Node name for S&R": "VAEDecode"
      },
      "widgets_values": []
    },
    {
      "id": 9,
      "type": "SaveImage",
      "pos": [
        1090,
        -250
      ],
      "size": [
        380,
        540
      ],
      "flags": {},
      "order": 8,
      "mode": 0,
      "inputs": [
        {
          "name": "images",
          "type": "IMAGE",
          "link": 10
        }
      ],
      "outputs": [],
      "properties": {},
      "widgets_values": [
        "ComfyUI"
      ]
    },
    {
      "id": 1,
      "type": "CheckpointLoaderSimple",
      "pos": [
        -800,
        30
      ],
      "size": [
        315,
        98
      ],
      "flags": {},
      "order": 2,
      "mode": 0,
      "inputs": [],
      "outputs": [
        {
          "name": "MODEL",
          "type": "MODEL",
          "links": [
            1
          ],
          "slot_index": 0
        },
        {
          "name": "CLIP",
          "type": "CLIP",
          "links": [
            3,
            4
          ],
          "slot_index": 1
        },
        {
          "name": "VAE",
          "type": "VAE",
          "links": [
            9
          ],
          "slot_index": 2
        }
      ],
      "properties": {
        "Node name for S&R": "CheckpointLoaderSimple"
      },
      "widgets_values": [
        "nitrosd-realism_comfyui.safetensors"
      ]
    },
    {
      "id": 2,
      "type": "Timestep Shift Model",
      "pos": [
        -420,
        10
      ],
      "size": [
        320,
        60
      ],
      "flags": {},
      "order": 3,
      "mode": 0,
      "inputs": [
        {
          "name": "model",
          "type": "MODEL",
          "link": 1
        }
      ],
      "outputs": [
        {
          "name": "MODEL",
          "type": "MODEL",
          "links": [
            2
          ],
          "slot_index": 0
        }
      ],
      "properties": {
        "Node name for S&R": "Timestep Shift Model"
      },
      "widgets_values": [
        250
      ]
    },
    {
      "id": 4,
      "type": "CLIPTextEncode",
      "pos": [
        -40,
        -230
      ],
      "size": [
        400,
        200
      ],
      "flags": {},
      "order": 4,
      "mode": 0,
      "inputs": [
        {
          "name": "clip",
          "type": "CLIP",
          "link": 3
        }
      ],
      "outputs": [
        {
          "name": "CONDITIONING",
          "type": "CONDITIONING",
          "links": [
            6
          ],
          "slot_index": 0
        }
      ],
      "properties": {
        "Node name for S&R": "CLIPTextEncode"
      },
      "widgets_values": [
        "A photograph of a cat in winter wonderland. 8k resolution."
      ]
    },
    {
      "id": 7,
      "type": "KSampler",
      "pos": [
        440,
        -170
      ],
      "size": [
        315,
        262
      ],
      "flags": {},
      "order": 6,
      "mode": 0,
      "inputs": [
        {
          "name": "model",
          "type": "MODEL",
          "link": 2
        },
        {
          "name": "positive",
          "type": "CONDITIONING",
          "link": 6
        },
        {
          "name": "negative",
          "type": "CONDITIONING",
          "link": 5
        },
        {
          "name": "latent_image",
          "type": "LATENT",
          "link": 7
        }
      ],
      "outputs": [
        {
          "name": "LATENT",
          "type": "LATENT",
          "links": [
            8
          ],
          "slot_index": 0
        }
      ],
      "properties": {
        "Node name for S&R": "KSampler"
      },
      "widgets_values": [
        775118379142694,
        "randomize",
        1,
        1,
        "lcm",
        "simple",
        1
      ]
    }
  ],
  "links": [
    [
      1,
      1,
      0,
      2,
      0,
      "MODEL"
    ],
    [
      2,
      2,
      0,
      7,
      0,
      "MODEL"
    ],
    [
      3,
      1,
      1,
      4,
      0,
      "CLIP"
    ],
    [
      4,
      1,
      1,
      5,
      0,
      "CLIP"
    ],
    [
      5,
      5,
      0,
      7,
      2,
      "CONDITIONING"
    ],
    [
      6,
      4,
      0,
      7,
      1,
      "CONDITIONING"
    ],
    [
      7,
      6,
      0,
      7,
      3,
      "LATENT"
    ],
    [
      8,
      7,
      0,
      8,
      0,
      "LATENT"
    ],
    [
      9,
      1,
      2,
      8,
      1,
      "VAE"
    ],
    [
      10,
      8,
      0,
      9,
      0,
      "IMAGE"
    ]
  ],
  "groups": [],
  "config": {},
  "extra": {
    "ds": {
      "scale": 0.6620079553483055,
      "offset": [
        937.1624719937766,
        378.1034495917541
      ]
    }
  },
  "version": 0.4
}